id,title,release_year,budget,revenue,runtime,popularity,vote_average,vote_count,genre_ids,production_companies,cast_size,movie_age,Adventure,Fantasy,Animation,Drama,Horror,Action,Comedy,History,Western,Thriller,Crime,Science Fiction,Mystery,Music,Romance,Family,War,timeless
157336,Interstellar,2014,165000000,746606706,169,35.8722,8.5,38238,"[12, 18, 878]",3,34,11,1,0,0,1,0,0,0,0,0,0,0,1,0,0,0,0,0,1
27205,Inception,2010,160000000,839030630,148,23.4385,8.37,38222,"[28, 878, 12]",3,52,15,1,0,0,0,0,1,0,0,0,0,0,1,0,0,0,0,0,1
155,The Dark Knight,2008,185000000,1004558444,152,21.5716,8.524,34701,"[18, 28, 80, 53]",4,138,17,0,0,0,1,0,1,0,0,0,1,1,0,0,0,0,0,0,1
24428,The Avengers,2012,220000000,1518815515,143,40.5763,7.852,33969,"[878, 28, 12]",1,113,13,1,0,0,0,0,1,0,0,0,0,0,1,0,0,0,0,0,0
19995,Avatar,2009,237000000,2923706026,162,23.2365,7.593,32813,"[28, 12, 14, 878]",4,65,16,1,1,0,0,0,1,0,0,0,0,0,1,0,0,0,0,0,0
293660,Deadpool,2016,58000000,782837347,108,10.9575,7.622,32067,"[28, 12, 35]",4,52,9,1,0,0,0,0,1,1,0,0,0,0,0,0,0,0,0,0,0
299536,Avengers: Infinity War,2018,300000000,2052415039,149,24.3409,8.235,31139,"[12, 28, 878]",1,69,7,1,0,0,0,0,1,0,0,0,0,0,1,0,0,0,0,0,1
550,Fight Club,1999,63000000,100853753,139,16.5583,8.438,30990,"[18, 53]",5,76,26,0,0,0,1,0,0,0,0,0,1,0,0,0,0,0,0,0,1
680,Pulp Fiction,1994,8000000,213928762,154,16.5468,8.488,29277,"[53, 80, 35]",3,52,31,0,0,0,0,0,0,1,0,0,1,1,0,0,0,0,0,0,1
278,The Shawshank Redemption,1994,25000000,28341469,142,25.0494,8.711,29212,"[18, 80]",1,60,31,0,0,0,1,0,0,0,0,0,0,1,0,0,0,0,0,0,1
118340,Guardians of the Galaxy,2014,170000000,772776600,121,5.7451,7.905,29024,"[28, 878, 12]",1,74,11,1,0,0,0,0,1,0,0,0,0,0,1,0,0,0,0,0,0
13,Forrest Gump,1994,55000000,677387716,142,16.7377,8.464,28848,"[35, 18, 10749]",3,175,31,0,0,0,1,0,0,1,0,0,0,0,0,0,0,1,0,0,1
671,Harry Potter and the Philosopher's Stone,2001,125000000,976475550,152,24.4679,7.9,28813,"[12, 14]",3,63,24,1,1,0,0,0,0,0,0,0,0,0,0,0,0,0,0,0,0
1726,Iron Man,2008,140000000,585174222,126,14.7848,7.654,27467,"[28, 878, 12]",3,65,17,1,0,0,0,0,1,0,0,0,0,0,1,0,0,0,0,0,0
68718,Django Unchained,2012,100000000,425368238,165,11.7942,8.185,27244,"[18, 37]",2,136,13,0,0,0,1,0,0,0,0,1,0,0,0,0,0,0,0,0,1
603,The Matrix,1999,63000000,463517383,136,15.7907,8.235,26996,"[28, 878]",4,36,26,0,0,0,0,0,1,0,0,0,0,0,1,0,0,0,0,0,1
475557,Joker,2019,55000000,1078958629,122,14.315,8.131,26975,"[80, 53, 18]",5,80,6,0,0,0,1,0,0,0,0,0,1,1,0,0,0,0,0,0,1
299534,Avengers: Endgame,2019,356000000,2799439100,181,13.3899,8.237,26927,"[12, 878, 28]",1,105,6,1,0,0,0,0,1,0,0,0,0,0,1,0,0,0,0,0,1
120,The Lord of the Rings: The Fellowship of the Ring,2001,93000000,871368364,179,22.7469,8.425,26598,"[12, 14, 28]",3,117,24,1,1,0,0,0,1,0,0,0,0,0,0,0,0,0,0,0,1
597,Titanic,1997,200000000,2264162353,194,20.103,7.904,26477,"[18, 10749]",3,116,28,0,0,0,1,0,0,0,0,0,0,0,0,0,0,1,0,0,0
122,The Lord of the Rings: The Return of the King,2003,94000000,1118888979,201,19.168,8.49,25663,"[12, 14, 28]",3,78,22,1,1,0,0,0,1,0,0,0,0,0,0,0,0,0,0,0,1
106646,The Wolf of Wall Street,2013,100000000,407038432,180,22.0869,8.027,25170,"[80, 18, 35]",4,179,12,0,0,0,1,0,0,1,0,0,0,1,0,0,0,0,0,0,1
11324,Shutter Island,2010,80000000,294804195,138,13.0751,8.2,25050,"[18, 53, 9648]",4,41,15,0,0,0,1,0,0,0,0,0,1,0,0,1,0,0,0,0,1
99861,Avengers: Age of Ultron,2015,365000000,1405403694,141,13.2545,7.271,23853,"[28, 12, 878]",1,71,10,1,0,0,0,0,1,0,0,0,0,0,1,0,0,0,0,0,0
49026,The Dark Knight Rises,2012,250000000,1081041287,165,12.2976,7.789,23704,"[28, 80, 18, 53]",4,169,13,0,0,0,1,0,1,0,0,0,1,1,0,0,0,0,0,0,0
271110,Captain America: Civil War,2016,250000000,1155046416,147,10.3299,7.4,23515,"[12, 28, 878]",1,104,9,1,0,0,0,0,1,0,0,0,0,0,1,0,0,0,0,0,0
76341,Mad Max: Fury Road,2015,150000000,378858340,121,10.6708,7.6,23511,"[28, 12, 878]",4,60,10,1,0,0,0,0,1,0,0,0,0,0,1,0,0,0,0,0,0
16869,Inglourious Basterds,2009,70000000,321457747,153,15.1207,8.2,23406,"[18, 53, 10752]",5,72,16,0,0,0,1,0,0,0,0,0,1,0,0,0,0,0,0,1,1
121,The Lord of the Rings: The Two Towers,2002,79000000,926287400,179,17.8132,8.411,23103,"[12, 14, 28]",3,106,23,1,1,0,0,0,1,0,0,0,0,0,0,0,0,0,0,0,1
672,Harry Potter and the Chamber of Secrets,2002,100000000,876688482,161,19.656,7.705,22972,"[12, 14]",4,77,23,1,1,0,0,0,0,0,0,0,0,0,0,0,0,0,0,0,0
284054,Black Panther,2018,200000000,1349926083,135,10.1966,7.366,22948,"[28, 12, 878]",1,66,7,1,0,0,0,0,1,0,0,0,0,0,1,0,0,0,0,0,0
68721,Iron Man 3,2013,200000000,1215577205,130,13.5781,6.93,22927,"[28, 12, 878]",1,110,12,1,0,0,0,0,1,0,0,0,0,0,1,0,0,0,0,0,0
150540,Inside Out,2015,175000000,857611174,95,13.2846,7.91,22924,"[16, 10751, 12, 18, 35]",1,58,10,1,0,1,1,0,0,1,0,0,0,0,0,0,0,0,1,0,0
284052,Doctor Strange,2016,180000000,676343174,115,8.3272,7.418,22914,"[14, 12, 28]",1,42,9,1,1,0,0,0,1,0,0,0,0,0,0,0,0,0,0,0,0
70160,The Hunger Games,2012,75000000,694000000,142,5.7083,7.219,22779,"[878, 12, 28, 53]",2,51,13,1,0,0,0,0,1,0,0,0,1,0,1,0,0,0,0,0,0
315635,Spider-Man: Homecoming,2017,175000000,880166924,133,12.7467,7.329,22612,"[28, 12, 878]",4,83,8,1,0,0,0,0,1,0,0,0,0,0,1,0,0,0,0,0,0
673,Harry Potter and the Prisoner of Azkaban,2004,130000000,789804554,141,20.2945,8.011,22539,"[12, 14]",4,58,21,1,1,0,0,0,0,0,0,0,0,0,0,0,0,0,0,0,1
283995,Guardians of the Galaxy Vol. 2,2017,200000000,863756051,137,9.6298,7.611,22404,"[878, 12, 28]",1,59,8,1,0,0,0,0,1,0,0,0,0,0,1,0,0,0,0,0,0
807,Se7en,1995,33000000,327311859,127,13.2001,8.377,22288,"[80, 9648, 53]",3,59,30,0,0,0,0,0,0,0,0,0,1,1,0,1,0,0,0,0,1
1771,Captain America: The First Avenger,2011,140000000,370569774,124,5.7034,7.004,22251,"[28, 12, 878]",2,98,14,1,0,0,0,0,1,0,0,0,0,0,1,0,0,0,0,0,0
238,The Godfather,1972,6000000,245066411,175,22.0513,8.7,22064,"[18, 80]",2,59,53,0,0,0,1,0,0,0,0,0,0,1,0,0,0,0,0,0,1
272,Batman Begins,2005,150000000,374218673,140,11.6893,7.7,21967,"[18, 80, 28]",5,110,20,0,0,0,1,0,1,0,0,0,0,1,0,0,0,0,0,0,0
10195,Thor,2011,150000000,449326618,115,12.098,6.8,21864,"[12, 14, 28]",2,56,14,1,1,0,0,0,1,0,0,0,0,0,0,0,0,0,0,0,0
10138,Iron Man 2,2010,200000000,623933331,124,16.0427,6.847,21840,"[12, 28, 878]",3,86,15,1,0,0,0,0,1,0,0,0,0,0,1,0,0,0,0,0,0
297761,Suicide Squad,2016,175000000,749200054,122,6.5477,5.92,21707,"[28, 12, 14]",4,123,9,1,1,0,0,0,1,0,0,0,0,0,0,0,0,0,0,0,0
11,Star Wars,1977,11000000,775398007,121,15.9314,8.2,21646,"[12, 28, 878]",2,105,48,1,0,0,0,0,1,0,0,0,0,0,1,0,0,0,0,0,1
22,Pirates of the Caribbean: The Curse of the Black Pearl,2003,140000000,655011224,143,20.6669,7.815,21600,"[12, 14, 28]",2,71,22,1,1,0,0,0,1,0,0,0,0,0,0,0,0,0,0,0,0
674,Harry Potter and the Goblet of Fire,2005,150000000,895921036,157,22.1742,7.799,21585,"[12, 14]",3,75,20,1,1,0,0,0,0,0,0,0,0,0,0,0,0,0,0,0,0
284053,Thor: Ragnarok,2017,180000000,855301806,131,8.1016,7.6,21514,"[28, 12, 878]",1,55,8,1,0,0,0,0,1,0,0,0,0,0,1,0,0,0,0,0,0
12445,Harry Potter and the Deathly Hallows: Part 2,2011,125000000,1341511219,130,16.7337,8.083,21419,"[14, 12]",2,105,14,1,1,0,0,0,0,0,0,0,0,0,0,0,0,0,0,0,1
634649,Spider-Man: No Way Home,2021,200000000,1921847111,148,17.3015,7.937,21275,"[28, 12, 878]",3,63,4,1,0,0,0,0,1,0,0,0,0,0,1,0,0,0,0,0,0
135397,Jurassic World,2015,150000000,1671537444,124,10.9823,6.699,21101,"[28, 12, 878, 53]",3,53,10,1,0,0,0,0,1,0,0,0,1,0,1,0,0,0,0,0,0
14160,Up,2009,175000000,735103954,96,13.89,7.96,21083,"[16, 35, 10751, 12]",1,31,16,1,0,1,0,0,0,1,0,0,0,0,0,0,0,0,1,0,0
105,Back to the Future,1985,19000000,381109762,116,15.8741,8.323,21068,"[12, 35, 878]",2,52,40,1,0,0,0,0,0,1,0,0,0,0,1,0,0,0,0,0,1
286217,The Martian,2015,108000000,631058917,141,7.9514,7.691,20590,"[18, 12, 878]",4,54,10,1,0,0,1,0,0,0,0,0,0,0,1,0,0,0,0,0,0
297762,Wonder Woman,2017,149000000,823970682,141,12.4144,7.214,20527,"[28, 12, 14]",3,82,8,1,1,0,0,0,1,0,0,0,0,0,0,0,0,0,0,0,0
102899,Ant-Man,2015,130000000,519311965,117,7.763,7.1,20422,"[878, 28, 12]",1,70,10,1,0,0,0,0,1,0,0,0,0,0,1,0,0,0,0,0,0
354912,Coco,2017,175000000,814641172,105,22.7704,8.2,20419,"[10751, 16, 10402, 12]",1,83,8,1,0,1,0,0,0,0,0,0,0,0,0,0,1,0,1,0,1
675,Harry Potter and the Order of the Phoenix,2007,150000000,938212738,138,15.6459,7.674,20279,"[12, 14]",2,84,18,1,1,0,0,0,0,0,0,0,0,0,0,0,0,0,0,0,0
767,Harry Potter and the Half-Blood Prince,2009,250000000,933959197,153,16.9435,7.682,20251,"[12, 14]",2,60,16,1,1,0,0,0,0,0,0,0,0,0,0,0,0,0,0,0,0
98,Gladiator,2000,103000000,465516248,155,13.4743,8.22,20220,"[28, 18, 12]",5,44,25,1,0,0,1,0,1,0,0,0,0,0,0,0,0,0,0,0,1
245891,John Wick,2014,20000000,88761661,101,7.6829,7.5,20189,"[28, 53]",4,42,11,0,0,0,0,0,1,0,0,0,1,0,0,0,0,0,0,0,0
140607,Star Wars: The Force Awakens,2015,245000000,2068223624,136,9.1933,7.254,20075,"[12, 28, 878]",2,183,10,1,0,0,0,0,1,0,0,0,0,0,1,0,0,0,0,0,0
12,Finding Nemo,2003,94000000,940335536,100,14.1257,7.816,20048,"[16, 10751]",1,68,22,0,0,1,0,0,0,0,0,0,0,0,0,0,0,0,1,0,0
557,Spider-Man,2002,139000000,821708551,121,11.404,7.316,20036,"[28, 878]",3,93,23,0,0,0,0,0,1,0,0,0,0,0,1,0,0,0,0,0,0
263115,Logan,2017,97000000,619021436,137,8.919,7.82,19950,"[28, 18, 878]",6,96,8,0,0,0,1,0,1,0,0,0,0,0,1,0,0,0,0,0,0
12444,Harry Potter and the Deathly Hallows: Part 1,2010,250000000,954305868,146,15.1422,7.738,19857,"[12, 14]",2,105,15,1,1,0,0,0,0,0,0,0,0,0,0,0,0,0,0,0,0
346364,It,2017,35000000,704242888,135,23.7879,7.238,19801,"[27, 53]",4,50,8,0,0,0,0,1,0,0,0,0,1,0,0,0,0,0,0,0,0
496243,Parasite,2019,11363000,257591776,133,17.2389,8.5,19707,"[35, 53, 18]",1,50,6,0,0,0,1,0,0,1,0,0,1,0,0,0,0,0,0,0,0
10681,WALL·E,2008,180000000,521311860,98,12.1086,8.103,19653,"[16, 10751, 878]",1,29,17,0,0,1,0,0,0,0,0,0,0,0,1,0,0,0,1,0,0
100402,Captain America: The Winter Soldier,2014,170000000,714766572,136,5.9418,7.655,19519,"[28, 12, 878]",1,75,11,1,0,0,0,0,1,0,0,0,0,0,1,0,0,0,0,0,0
37165,The Truman Show,1998,60000000,264118712,103,11.6798,8.1,19476,"[35, 18]",2,71,27,0,0,0,1,0,0,1,0,0,0,0,0,0,0,0,0,0,0
210577,Gone Girl,2014,61000000,370890259,149,18.5903,7.889,19411,"[9648, 53, 18]",2,72,11,0,0,0,1,0,0,0,0,0,1,0,0,1,0,0,0,0,0
259316,Fantastic Beasts and Where to Find Them,2016,180000000,809342332,133,7.9454,7.3,19331,"[14, 12]",2,100,9,1,1,0,0,0,0,0,0,0,0,0,0,0,0,0,0,0,0
862,Toy Story,1995,30000000,394436586,81,18.8275,8.0,19289,"[10751, 35, 16, 12]",1,37,30,1,0,1,0,0,0,1,0,0,0,0,0,0,0,0,1,0,0
585,"Monsters, Inc.",2001,115000000,579700000,92,15.9707,7.847,19240,"[16, 35, 10751]",1,53,24,0,0,1,0,0,0,1,0,0,0,0,0,0,0,0,1,0,0
8587,The Lion King,1994,45000000,763455561,89,13.6878,8.255,19151,"[10751, 16, 18, 12]",2,27,31,1,0,1,1,0,0,0,0,0,0,0,0,0,0,0,1,0,0
49051,The Hobbit: An Unexpected Journey,2012,250000000,1021103568,169,12.315,7.4,19111,"[12, 14, 28]",3,47,13,1,1,0,0,0,1,0,0,0,0,0,0,0,0,0,0,0,0
281957,The Revenant,2015,135000000,532950503,157,8.3619,7.537,18785,"[37, 18, 12]",9,69,10,1,0,0,1,0,0,0,0,1,0,0,0,0,0,0,0,0,0
383498,Deadpool 2,2018,110000000,785896632,120,8.0381,7.489,18724,"[28, 35, 12]",4,71,7,1,0,0,0,0,1,1,0,0,0,0,0,0,0,0,0,0,0
329865,Arrival,2016,47000000,203388186,116,9.8468,7.622,18712,"[18, 878, 9648]",3,72,9,0,0,0,1,0,0,0,0,0,0,0,1,1,0,0,0,0,0
209112,Batman v Superman: Dawn of Justice,2016,250000000,874362803,152,10.0472,5.987,18593,"[28, 12, 14]",5,134,9,1,1,0,0,0,1,0,0,0,0,0,0,0,0,0,0,0,0
497,The Green Mile,1999,60000000,286801374,189,13.991,8.5,18546,"[14, 18, 80]",2,44,26,0,1,0,1,0,0,0,0,0,0,1,0,0,0,0,0,0,0
9806,The Incredibles,2004,92000000,631442092,115,24.2948,7.719,18408,"[28, 12, 16, 10751]",1,51,21,1,0,1,0,0,1,0,0,0,0,0,0,0,0,0,1,0,0
694,The Shining,1980,19000000,44781695,144,10.1374,8.206,18338,"[27, 53]",4,29,45,0,0,0,0,1,0,0,0,0,1,0,0,0,0,0,0,0,0
419430,Get Out,2017,4500000,255407969,104,7.473,7.621,18292,"[9648, 53, 27]",3,30,8,0,0,0,0,1,0,0,0,0,1,0,0,1,0,0,0,0,0
24,Kill Bill: Vol. 1,2003,30000000,180906076,111,8.7834,7.971,18284,"[28, 80]",3,38,22,0,0,0,0,0,1,0,0,0,0,1,0,0,0,0,0,0,0
808,Shrek,2001,60000000,488628188,90,18.641,7.752,18109,"[16, 35, 14, 12, 10751]",3,23,24,1,1,1,0,0,0,1,0,0,0,0,0,0,0,0,1,0,0
1930,The Amazing Spider-Man,2012,215000000,757930663,136,10.5174,6.723,18048,"[28, 12, 878]",5,53,13,1,0,0,0,0,1,0,0,0,0,0,1,0,0,0,0,0,0
101299,The Hunger Games: Catching Fire,2013,130000000,865011746,146,7.3156,7.428,18005,"[12, 28, 878]",2,57,12,1,0,0,0,0,1,0,0,0,0,0,1,0,0,0,0,0,0
381288,Split,2017,9000000,278454358,117,7.9608,7.343,17954,"[27, 53]",2,41,8,0,0,0,0,1,0,0,0,0,1,0,0,0,0,0,0,0,0
77338,The Intouchables,2011,13000000,426590315,113,10.8613,8.272,17951,"[18, 35]",5,38,14,0,0,0,1,0,0,1,0,0,0,0,0,0,0,0,0,0,0
2062,Ratatouille,2007,150000000,623726000,111,15.0992,7.833,17920,"[16, 35, 10751, 14]",1,26,18,0,1,1,0,0,0,1,0,0,0,0,0,0,0,0,1,0,0
76338,Thor: The Dark World,2013,170000000,644783140,112,7.6672,6.5,17919,"[28, 12, 14]",1,49,12,1,1,0,0,0,1,0,0,0,0,0,0,0,0,0,0,0,0
1891,The Empire Strikes Back,1980,18000000,538400000,124,6.9929,8.394,17828,"[12, 28, 878]",1,80,45,1,0,0,0,0,1,0,0,0,0,0,1,0,0,0,0,0,0
198663,The Maze Runner,2014,34000000,348319861,113,17.605,7.192,17686,"[28, 9648, 878, 53]",6,59,11,0,0,0,0,0,1,0,0,0,1,0,1,1,0,0,0,0,0
129,Spirited Away,2001,19000000,274925095,125,16.4861,8.534,17637,"[16, 10751, 14]",6,48,24,0,1,1,0,0,0,0,0,0,0,0,0,0,0,0,1,0,0
205596,The Imitation Game,2014,14000000,233555708,113,14.051,7.99,17631,"[36, 18, 53, 10752]",3,47,11,0,0,0,1,0,0,0,1,0,1,0,0,0,0,0,0,1,0
313369,La La Land,2016,30000000,509183536,129,9.3565,7.897,17624,"[35, 18, 10749]",4,183,9,0,0,0,1,0,0,1,0,0,0,0,0,0,0,1,0,0,0
18785,The Hangover,2009,35000000,469310836,100,12.7571,7.328,17610,[35],3,70,16,0,0,0,0,0,0,1,0,0,0,0,0,0,0,0,0,0,0
424694,Bohemian Rhapsody,2018,52000000,910813521,135,7.2857,7.964,17395,"[10402, 18]",4,111,7,0,0,0,1,0,0,0,0,0,0,0,0,0,1,0,0,0,0
207703,Kingsman: The Secret Service,2015,81000000,414351546,129,9.1836,7.622,17390,"[80, 35, 28, 12]",4,51,10,1,0,0,0,0,1,1,0,0,0,1,0,0,0,0,0,0,0
274,The Silence of the Lambs,1991,19000000,272742922,119,2.826,8.347,17274,"[80, 53, 18]",3,66,34,0,0,0,1,0,0,0,0,0,1,1,0,0,0,0,0,0,0
329,Jurassic Park,1993,63000000,920100000,127,6.2866,7.963,17263,"[12, 878]",2,22,32,1,0,0,0,0,0,0,0,0,0,0,1,0,0,0,0,0,0
109445,Frozen,2013,150000000,1274219009,102,15.3166,7.249,17165,"[16, 10751, 12, 14]",1,60,12,1,1,1,0,0,0,0,0,0,0,0,0,0,0,0,1,0,0
374720,Dunkirk,2017,150000000,527000000,107,7.0653,7.449,17108,"[10752, 28, 18]",3,50,8,0,0,0,1,0,1,0,0,0,0,0,0,0,0,0,0,1,0
269149,Zootopia,2016,150000000,1025521689,109,35.8264,7.8,17070,"[16, 12, 10751, 35]",1,50,9,1,0,1,0,0,0,1,0,0,0,0,0,0,0,0,1,0,0
1124,The Prestige,2006,40000000,109676311,130,10.2944,8.2,16945,"[18, 9648, 878]",4,50,19,0,0,0,1,0,0,0,0,0,0,0,1,1,0,0,0,0,0
424,Schindler's List,1993,22000000,321365567,195,11.4075,8.566,16859,"[18, 36, 10752]",1,134,32,0,0,0,1,0,0,0,1,0,0,0,0,0,0,0,0,1,0
335983,Venom,2018,116000000,856085151,112,8.4109,6.8,16842,"[878, 28]",6,61,7,0,0,0,0,0,1,0,0,0,0,0,1,0,0,0,0,0,0
58,Pirates of the Caribbean: Dead Man's Chest,2006,200000000,1066179747,151,18.1691,7.371,16703,"[12, 14, 28]",3,54,19,1,1,0,0,0,1,0,0,0,0,0,0,0,0,0,0,0,0
240832,Lucy,2014,40000000,469058574,89,7.9136,6.47,16672,"[28, 878]",4,59,11,0,0,0,0,0,1,0,0,0,0,0,1,0,0,0,0,0,0
857,Saving Private Ryan,1998,70000000,481840909,169,10.8067,8.221,16648,"[18, 36, 10752]",4,91,27,0,0,0,1,0,0,0,1,0,0,0,0,0,0,0,0,1,0
324857,Spider-Man: Into the Spider-Verse,2018,90000000,393602435,117,14.5069,8.395,16595,"[16, 28, 12, 878]",6,73,7,1,0,1,0,0,1,0,0,0,0,0,1,0,0,0,0,0,0
640,Catch Me If You Can,2002,52000000,352114312,141,14.0868,7.978,16495,"[18, 80]",4,128,23,0,0,0,1,0,0,0,0,0,0,1,0,0,0,0,0,0,0
429617,Spider-Man: Far From Home,2019,160000000,1131927996,129,11.2106,7.4,16451,"[28, 12, 878]",3,140,6,1,0,0,0,0,1,0,0,0,0,0,1,0,0,0,0,0,0
1892,Return of the Jedi,1983,32350000,572700000,132,6.3746,7.905,16438,"[12, 28, 878]",1,177,42,1,0,0,0,0,1,0,0,0,0,0,1,0,0,0,0,0,0
6479,I Am Legend,2007,150000000,585410052,101,10.1554,7.21,16383,"[18, 878, 53]",6,62,18,0,0,0,1,0,0,0,0,0,1,0,1,0,0,0,0,0,0
131631,The Hunger Games: Mockingjay - Part 1,2014,125000000,755356711,123,10.8681,6.815,16379,"[878, 12, 53]",2,50,11,1,0,0,0,0,0,0,0,0,1,0,1,0,0,0,0,0,0
339403,Baby Driver,2017,34000000,226945087,113,8.0942,7.445,16372,"[28, 80]",3,64,8,0,0,0,0,0,1,0,0,0,0,1,0,0,0,0,0,0,0
333339,Ready Player One,2018,175000000,607274134,140,8.6991,7.584,16365,"[12, 28, 878]",5,85,7,1,0,0,0,0,1,0,0,0,0,0,1,0,0,0,0,0,0
299537,Captain Marvel,2019,152000000,1131416446,124,7.2841,6.8,16351,"[28, 12, 878]",1,53,6,1,0,0,0,0,1,0,0,0,0,0,1,0,0,0,0,0,0
177572,Big Hero 6,2014,165000000,657870525,102,13.4947,7.7,16181,"[12, 10751, 16, 28, 35]",1,47,11,1,0,1,0,0,1,1,0,0,0,0,0,0,0,0,1,0,0
75656,Now You See Me,2013,75000000,351723989,116,32.7375,7.332,16182,"[53, 80]",4,54,12,0,0,0,0,0,0,0,0,0,1,1,0,0,0,0,0,0,0
72190,World War Z,2013,200000000,531865000,116,9.4022,6.825,16065,"[28, 27, 878, 53]",6,82,12,0,0,0,0,1,1,0,0,0,1,0,1,0,0,0,0,0,0
244786,Whiplash,2014,3300000,50307484,107,27.1423,8.4,16049,"[18, 10402]",3,39,11,0,0,0,1,0,0,0,0,0,0,0,0,0,1,0,0,0,0
330459,Rogue One: A Star Wars Story,2016,200000000,1056057273,133,7.5828,7.5,15964,"[28, 12, 878]",1,172,9,1,0,0,0,0,1,0,0,0,0,0,1,0,0,0,0,0,0
49047,Gravity,2013,105000000,723192705,91,4.9209,7.2,15912,"[878, 53, 18]",3,7,12,0,0,0,1,0,0,0,0,0,1,0,1,0,0,0,0,0,0
181808,Star Wars: The Last Jedi,2017,300000000,1332698830,152,8.572,6.8,15904,"[12, 28, 878]",1,111,8,1,0,0,0,0,1,0,0,0,0,0,1,0,0,0,0,0,0
127585,X-Men: Days of Future Past,2014,250000000,746045700,132,8.7336,7.527,15867,"[28, 12, 878]",6,83,11,1,0,0,0,0,1,0,0,0,0,0,1,0,0,0,0,0,0
558,Spider-Man 2,2004,200000000,788976453,127,6.7936,7.295,15852,"[28, 12, 878]",3,115,21,1,0,0,0,0,1,0,0,0,0,0,1,0,0,0,0,0,0
321612,Beauty and the Beast,2017,160000000,1266115964,129,9.511,6.969,15820,"[10751, 14, 10749]",2,139,8,0,1,0,0,0,0,0,0,0,0,0,0,0,0,1,1,0,0
38,Eternal Sunshine of the Spotless Mind,2004,20000000,72258126,108,8.2426,8.1,15806,"[878, 18, 10749]",3,19,21,0,0,0,1,0,0,0,0,0,0,0,1,0,0,1,0,0,0
49521,Man of Steel,2013,225000000,668045518,143,10.1002,6.6,15768,"[28, 12, 878]",4,85,12,1,0,0,0,0,1,0,0,0,0,0,1,0,0,0,0,0,0
118,Charlie and the Chocolate Factory,2005,150000000,475000000,115,11.2513,7.04,15747,"[12, 35, 10751, 14]",5,49,20,1,1,0,0,0,0,1,0,0,0,0,0,0,0,0,1,0,0
348,Alien,1979,11000000,104931801,117,14.8393,8.2,15742,"[27, 878]",3,9,46,0,0,0,0,1,0,0,0,0,0,0,1,0,0,0,0,0,0
37724,Skyfall,2012,200000000,1108594176,143,6.4492,7.256,15731,"[28, 12, 53]",3,69,13,1,0,0,0,0,1,0,0,0,1,0,0,0,0,0,0,0,0
20352,Despicable Me,2010,69000000,543284256,95,15.4323,7.254,15680,"[10751, 35, 16, 878]",2,32,15,0,0,1,0,0,0,1,0,0,0,0,1,0,0,0,1,0,0
77,Memento,2000,9000000,40047236,113,9.9932,8.178,15669,"[9648, 53]",4,13,25,0,0,0,0,0,0,0,0,0,1,0,0,1,0,0,0,0,0
1422,The Departed,2006,90000000,291465000,151,10.5887,8.2,15666,"[18, 53, 80]",5,102,19,0,0,0,1,0,0,0,0,0,1,1,0,0,0,0,0,0,0
101,Léon: The Professional,1994,16000000,45284974,111,10.4834,8.3,15566,"[80, 18, 28]",2,55,31,0,0,0,1,0,1,0,0,0,0,1,0,0,0,0,0,0,0
120467,The Grand Budapest Hotel,2014,30000000,174600318,100,5.8875,8.034,15528,"[35, 18]",5,98,11,0,0,0,1,0,0,1,0,0,0,0,0,0,0,0,0,0,0
1893,Star Wars: Episode I - The Phantom Menace,1999,115000000,924317558,136,10.1603,6.6,15351,"[12, 28, 878]",1,118,26,1,0,0,0,0,1,0,0,0,0,0,1,0,0,0,0,0,0
10193,Toy Story 3,2010,200000000,1067316101,102,15.1488,7.802,15278,"[16, 10751, 35]",1,60,15,0,0,1,0,0,0,1,0,0,0,0,0,0,0,0,1,0,0
44214,Black Swan,2010,13000000,329398046,109,6.9344,7.686,15130,"[18, 53, 27]",5,57,15,0,0,0,1,1,0,0,0,0,1,0,0,0,0,0,0,0,0
752,V for Vendetta,2006,54000000,134686457,132,7.5337,7.899,15126,"[28, 53, 878]",6,89,19,0,0,0,0,0,1,0,0,0,1,0,1,0,0,0,0,0,0
285,Pirates of the Caribbean: At World's End,2007,300000000,961691209,169,16.817,7.264,15031,"[12, 14, 28]",3,84,18,1,1,0,0,0,1,0,0,0,0,0,0,0,0,0,0,0,0
500,Reservoir Dogs,1992,1200000,2859750,99,7.2951,8.118,14955,"[80, 53]",2,26,33,0,0,0,0,0,0,0,0,0,1,1,0,0,0,0,0,0,0
122917,The Hobbit: The Battle of the Five Armies,2014,250000000,956019788,144,14.5347,7.328,14899,"[28, 12, 14]",3,63,11,1,1,0,0,0,1,0,0,0,0,0,0,0,0,0,0,0,0
447332,A Quiet Place,2018,17000000,340955294,91,6.6377,7.396,14891,"[27, 18, 878]",2,7,7,0,0,0,1,1,0,0,0,0,0,0,1,0,0,0,0,0,0
152601,Her,2013,23000000,47351251,126,9.8781,7.846,14859,"[10749, 878, 18]",1,39,12,0,0,0,1,0,0,0,0,0,0,0,1,0,0,1,0,0,0
273248,The Hateful Eight,2015,44000000,155760117,188,7.1903,7.756,14812,"[18, 9648, 37]",3,18,10,0,0,0,1,0,0,0,0,1,0,0,0,1,0,0,0,0,0
559,Spider-Man 3,2007,258000000,894983373,139,11.9239,6.447,14778,"[28, 12, 878]",3,120,18,1,0,0,0,0,1,0,0,0,0,0,1,0,0,0,0,0,0
920,Cars,2006,120000000,461983149,117,9.3666,7.013,14683,"[16, 12, 35, 10751]",1,87,19,1,0,1,0,0,0,1,0,0,0,0,0,0,0,0,1,0,0
1865,Pirates of the Caribbean: On Stranger Tides,2011,379000000,1046721266,136,16.5951,6.562,14581,"[12, 28, 14]",3,84,14,1,1,0,0,0,1,0,0,0,0,0,0,0,0,0,0,0,0
297802,Aquaman,2018,160000000,1152028393,143,89.0946,6.872,14564,"[28, 12, 14]",3,53,7,1,1,0,0,0,1,0,0,0,0,0,0,0,0,0,0,0,0
393,Kill Bill: Vol. 2,2004,30000000,152159461,136,7.6061,7.875,14564,"[28, 80, 53]",3,62,21,0,0,0,0,0,1,0,0,0,1,1,0,0,0,0,0,0,0
137113,Edge of Tomorrow,2014,178000000,370541256,114,15.3774,7.632,14559,"[28, 878]",5,42,11,0,0,0,0,0,1,0,0,0,0,0,1,0,0,0,0,0,0
335984,Blade Runner 2049,2017,150000000,259239658,164,13.4434,7.587,14536,"[878, 18]",6,40,8,0,0,0,1,0,0,0,0,0,0,0,1,0,0,0,0,0,0
78,Blade Runner,1982,28000000,41722424,118,9.5389,7.942,14488,"[878, 18, 53]",3,32,43,0,0,0,1,0,0,0,0,0,1,0,1,0,0,0,0,0,0
863,Toy Story 2,1999,90000000,497375381,92,12.8497,7.602,14466,"[16, 35, 10751]",1,44,26,0,0,1,0,0,0,1,0,0,0,0,0,0,0,0,1,0,0
1895,Star Wars: Episode III - Revenge of the Sith,2005,113000000,850000000,140,8.5217,7.455,14462,"[12, 28, 878]",1,110,20,1,0,0,0,0,1,0,0,0,0,0,1,0,0,0,0,0,0
12155,Alice in Wonderland,2010,200000000,1025467110,108,13.0505,6.636,14461,"[10751, 14, 12]",5,44,15,1,1,0,0,0,0,0,0,0,0,0,0,0,0,0,1,0,0
10528,Sherlock Holmes,2009,90000000,524028679,129,4.2434,7.2,14421,"[28, 12, 80, 9648]",4,42,16,1,0,0,0,0,1,0,0,0,0,1,0,1,0,0,0,0,0
324786,Hacksaw Ridge,2016,40000000,175302354,139,10.6195,8.191,14416,"[18, 36, 10752]",13,94,9,0,0,0,1,0,0,0,1,0,0,0,0,0,0,0,0,1,0
607,Men in Black,1997,90000000,589390539,98,8.6117,7.214,14390,"[28, 12, 35, 878]",3,65,28,1,0,0,0,0,1,1,0,0,0,0,1,0,0,0,0,0,0
1271,300,2007,65000000,456082343,116,7.4234,7.19,14313,"[28, 12, 10752]",6,83,18,1,0,0,0,0,1,0,0,0,0,0,0,0,0,0,0,1,0
466272,Once Upon a Time... in Hollywood,2019,95000000,392105159,162,9.7331,7.426,14286,"[35, 18, 53]",3,102,6,0,0,0,1,0,0,1,0,0,1,0,0,0,0,0,0,0,0
353486,Jumanji: Welcome to the Jungle,2017,90000000,995339117,119,5.5767,6.819,14127,"[12, 35, 14, 28, 10751]",3,46,8,1,1,0,0,0,1,1,0,0,0,0,0,0,0,0,1,0,0
438631,Dune,2021,165000000,407573628,155,16.9439,7.8,14110,"[878, 12]",1,48,4,1,0,0,0,0,0,0,0,0,0,0,1,0,0,0,0,0,0
8966,Twilight,2008,37000000,393616788,122,17.409,6.285,14069,"[14, 18, 10749]",6,46,17,0,1,0,1,0,0,0,0,0,0,0,0,0,0,1,0,0,0
218,The Terminator,1984,6400000,78371200,108,11.527,7.673,13980,"[28, 53, 878]",2,48,41,0,0,0,0,0,1,0,0,0,1,0,1,0,0,0,0,0,0
1894,Star Wars: Episode II - Attack of the Clones,2002,120000000,649398328,142,5.872,6.6,13902,"[12, 28, 878]",1,98,23,1,0,0,0,0,1,0,0,0,0,0,1,0,0,0,0,0,0
425,Ice Age,2002,59000000,383257136,81,14.7082,7.366,13901,"[16, 35, 10751, 12]",2,23,23,1,0,1,0,0,0,1,0,0,0,0,0,0,0,0,1,0,0
10191,How to Train Your Dragon,2010,165000000,495141736,98,12.5599,7.853,13885,"[14, 12, 16, 10751]",1,14,15,1,1,1,0,0,0,0,0,0,0,0,0,0,0,0,1,0,0
274870,Passengers,2016,110000000,303144152,116,4.2434,6.952,13847,"[18, 10749, 878]",7,43,9,0,0,0,1,0,0,0,0,0,0,0,1,0,0,1,0,0,0
62177,Brave,2012,185000000,538983207,93,9.5763,7.021,13838,"[16, 12, 35, 10751, 28, 14]",1,31,13,1,1,1,0,0,1,1,0,0,0,0,0,0,0,0,1,0,0
363088,Ant-Man and the Wasp,2018,140000000,622674139,119,5.2907,6.912,13827,"[28, 12, 878]",1,76,7,1,0,0,0,0,1,0,0,0,0,0,1,0,0,0,0,0,0
102382,The Amazing Spider-Man 2,2014,200000000,708962323,141,11.8181,6.524,13827,"[28, 12, 878]",4,75,11,1,0,0,0,0,1,0,0,0,0,0,1,0,0,0,0,0,0
264660,Ex Machina,2014,15000000,36869414,108,7.3188,7.571,13828,"[18, 878]",4,12,11,0,0,0,1,0,0,0,0,0,0,0,1,0,0,0,0,0,0
324552,John Wick: Chapter 2,2017,40000000,171539887,122,11.0377,7.339,13785,"[28, 53, 80]",3,67,8,0,0,0,0,0,1,0,0,0,1,1,0,0,0,0,0,0,0
769,GoodFellas,1990,25000000,47072327,145,13.0928,8.5,13780,"[18, 80]",2,141,35,0,0,0,1,0,0,0,0,0,0,1,0,0,0,0,0,0,0
57158,The Hobbit: The Desolation of Smaug,2013,250000000,958400000,161,12.4298,7.6,13744,"[14, 12, 28]",3,66,12,1,1,0,0,0,1,0,0,0,0,0,0,0,0,0,0,0,0
280,Terminator 2: Judgment Day,1991,102000000,520000000,137,10.7918,8.1,13696,"[28, 53, 878]",4,68,34,0,0,0,0,0,1,0,0,0,1,0,1,0,0,0,0,0,0
637,Life Is Beautiful,1997,20000000,230098753,116,9.1666,8.44,13631,"[35, 18]",2,54,28,0,0,0,1,0,0,1,0,0,0,0,0,0,0,0,0,0,0
87827,Life of Pi,2012,120000000,609016565,127,4.8877,7.405,13483,"[12, 18]",7,41,13,1,0,0,1,0,0,0,0,0,0,0,0,0,0,0,0,0,0
165,Back to the Future Part II,1989,40000000,332000000,108,9.4243,7.774,13478,"[12, 35, 878]",2,53,36,1,0,0,0,0,0,1,0,0,0,0,1,0,0,0,0,0,0
102651,Maleficent,2014,180000000,758539785,97,9.9396,7.089,13476,"[14, 12, 28, 10751, 10749]",2,71,11,1,1,0,0,0,1,0,0,0,0,0,0,0,0,1,1,0,0
185,A Clockwork Orange,1971,2200000,27033812,137,6.8145,8.2,13452,"[878, 80]",4,47,54,0,0,0,0,0,0,0,0,0,0,1,1,0,0,0,0,0,0
246655,X-Men: Apocalypse,2016,178000000,543934787,144,8.5115,6.517,13441,"[28, 12, 878, 14]",7,94,9,1,1,0,0,0,1,0,0,0,0,0,1,0,0,0,0,0,0
162,Edward Scissorhands,1990,20000000,86024005,105,10.9612,7.718,13418,"[14, 18, 10749]",2,69,35,0,1,0,1,0,0,0,0,0,0,0,0,0,0,1,0,0,0
277834,Moana,2016,150000000,690860472,107,3.5123,7.565,13382,"[12, 35, 10751, 16]",1,13,9,1,0,1,0,0,0,1,0,0,0,0,0,0,0,0,1,0,0
141052,Justice League,2017,300000000,661326987,120,7.9814,6.075,13375,"[28, 12, 878]",5,98,8,1,0,0,0,0,1,0,0,0,0,0,1,0,0,0,0,0,0
260513,Incredibles 2,2018,200000000,1243225667,118,14.3027,7.456,13353,"[28, 12, 16, 10751]",1,84,7,1,0,1,0,0,1,0,0,0,0,0,0,0,0,0,1,0,0
4922,The Curious Case of Benjamin Button,2008,150000000,335802786,166,8.6987,7.6,13344,"[18, 14, 10749]",3,113,17,0,1,0,1,0,0,0,0,0,0,0,0,0,0,1,0,0,0
190859,American Sniper,2014,58800000,542300000,133,11.4163,7.4,13342,"[10752, 28]",6,83,11,0,0,0,0,0,1,0,0,0,0,0,0,0,0,0,0,1,0
240,The Godfather Part II,1974,13000000,102600000,202,12.8507,8.571,13338,"[18, 80]",2,85,51,0,0,0,1,0,0,0,0,0,0,1,0,0,0,0,0,0,0
489,Good Will Hunting,1997,10000000,225900000,127,11.3309,8.2,13255,[18],3,49,28,0,0,0,1,0,0,0,0,0,0,0,0,0,0,0,0,0,0
194662,Birdman or (The Unexpected Virtue of Ignorance),2014,18000000,103215094,120,5.3182,7.5,13244,"[18, 35]",5,54,11,0,0,0,1,0,0,1,0,0,0,0,0,0,0,0,0,0,0
546554,Knives Out,2019,40000000,312897920,131,9.773,7.843,13230,"[35, 80, 9648]",3,32,6,0,0,0,0,0,0,1,0,0,0,1,0,1,0,0,0,0,0
49538,X-Men: First Class,2011,160000000,353624124,132,0.4805,7.297,13215,"[28, 878, 12]",4,67,14,1,0,0,0,0,1,0,0,0,0,0,1,0,0,0,0,0,0
85,Raiders of the Lost Ark,1981,18000000,389925971,115,9.5106,7.9,13184,"[12, 28]",2,49,44,1,0,0,0,0,1,0,0,0,0,0,0,0,0,0,0,0,0
64690,Drive,2011,15000000,78100000,100,11.3228,7.582,13183,"[18, 53, 80]",6,37,14,0,0,0,1,0,0,0,0,0,1,1,0,0,0,0,0,0,0
157350,Divergent,2014,85000000,288885818,140,7.7694,6.91,13174,"[28, 12, 878]",2,47,11,1,0,0,0,0,1,0,0,0,0,0,1,0,0,0,0,0,0
530915,1917,2019,100000000,446064352,119,7.1423,7.986,13092,"[10752, 36, 18, 28]",5,54,6,0,0,0,1,0,1,0,1,0,0,0,0,0,0,0,0,1,0
76600,Avatar: The Way of Water,2022,350000000,2330224914,192,26.7996,7.611,13044,"[28, 12, 878]",3,57,3,1,0,0,0,0,1,0,0,0,0,0,1,0,0,0,0,0,0
131634,The Hunger Games: Mockingjay - Part 2,2015,160000000,653428261,137,6.5147,6.899,13024,"[28, 12, 878]",3,55,10,1,0,0,0,0,1,0,0,0,0,0,1,0,0,0,0,0,0
809,Shrek 2,2004,150000000,935454538,92,17.6763,7.303,13012,"[16, 10751, 35, 14, 12, 10749]",2,25,21,1,1,1,0,0,0,1,0,0,0,0,0,0,0,1,1,0,0
141,Donnie Darko,2001,4500000,7500000,114,6.3243,7.766,13003,"[14, 18, 9648]",3,40,24,0,1,0,1,0,0,0,0,0,0,0,0,1,0,0,0,0,0
103,Taxi Driver,1976,1900000,28579636,114,8.8966,8.133,12977,"[80, 18]",3,53,49,0,0,0,1,0,0,0,0,0,0,1,0,0,0,0,0,0,0
68726,Pacific Rim,2013,180000000,411000000,131,9.1382,6.9,12975,"[28, 878, 12]",2,52,12,1,0,0,0,0,1,0,0,0,0,0,1,0,0,0,0,0,0
296096,Me Before You,2016,20000000,207945075,110,12.7048,7.925,12881,"[18, 10749]",3,28,9,0,0,0,1,0,0,0,0,0,0,0,0,0,0,1,0,0,0
70981,Prometheus,2012,130000000,403354469,124,11.5553,6.6,12847,"[878, 12, 9648]",4,45,13,1,0,0,0,0,0,0,0,0,0,0,1,1,0,0,0,0,0
72105,Ted,2012,50000000,549368315,107,9.4639,6.448,12836,"[35, 14]",5,57,13,0,1,0,0,0,0,1,0,0,0,0,0,0,0,0,0,0,0
6977,No Country for Old Men,2007,25000000,171627166,122,9.256,7.948,12792,"[80, 53, 37]",4,52,18,0,0,0,0,0,0,0,0,1,1,1,0,0,0,0,0,0,0
19908,Zombieland,2009,23600000,102391540,87,6.6574,7.259,12774,"[35, 27]",3,41,16,0,0,0,0,1,0,1,0,0,0,0,0,0,0,0,0,0,0
82690,Wreck-It Ralph,2012,165000000,471222889,101,12.1516,7.352,12767,"[10751, 16, 35, 12]",1,66,13,1,0,1,0,0,0,1,0,0,0,0,0,0,0,0,1,0,0
37799,The Social Network,2010,40000000,224920315,121,8.4092,7.371,12739,[18],5,131,15,0,0,0,1,0,0,0,0,0,0,0,0,0,0,0,0,0,0
64682,The Great Gatsby,2013,105000000,351040419,143,6.3621,7.359,12671,"[18, 10749]",5,103,12,0,0,0,1,0,0,0,0,0,0,0,0,0,0,1,0,0,0
14,American Beauty,1999,15000000,356296601,122,6.3787,8.003,12642,[18],2,41,26,0,0,0,1,0,0,0,0,0,0,0,0,0,0,0,0,0,0
350,The Devil Wears Prada,2006,35000000,326706115,109,16.4724,7.391,12597,"[18, 35]",3,57,19,0,0,0,1,0,0,1,0,0,0,0,0,0,0,0,0,0,0
111,Scarface,1983,25000000,66023329,170,10.5603,8.159,12568,"[28, 80, 18]",2,103,42,0,0,0,1,0,1,0,0,0,0,1,0,0,0,0,0,0,0
228150,Fury,2014,68000000,211817906,135,11.676,7.5,12565,"[10752, 18, 28]",5,51,11,0,0,0,1,0,1,0,0,0,0,0,0,0,0,0,0,1,0
146233,Prisoners,2013,46000000,122126687,153,7.7498,8.1,12568,"[18, 53, 80]",3,39,12,0,0,0,1,0,0,0,0,0,1,1,0,0,0,0,0,0,0
399055,The Shape of Water,2017,19500000,195300000,123,7.0774,7.24,12532,"[18, 14, 10749]",4,39,8,0,1,0,1,0,0,0,0,0,0,0,0,0,0,1,0,0,0
398818,Call Me by Your Name,2017,3500000,43143046,132,7.509,8.102,12494,"[10749, 18]",6,12,8,0,0,0,1,0,0,0,0,0,0,0,0,0,0,1,0,0,0
166426,Pirates of the Caribbean: Dead Men Tell No Tales,2017,230000000,795922298,129,11.1884,6.652,12478,"[12, 28, 14]",3,78,8,1,1,0,0,0,1,0,0,0,0,0,0,0,0,0,0,0,0
127380,Finding Dory,2016,200000000,1029266989,97,5.7567,7.04,12428,"[12, 16, 35, 10751]",1,66,9,1,0,1,0,0,0,1,0,0,0,0,0,0,0,0,1,0,0
61791,Rise of the Planet of the Apes,2011,93000000,481800873,105,7.385,7.338,12399,"[53, 28, 18, 878]",5,76,14,0,0,0,1,0,1,0,0,0,1,0,1,0,0,0,0,0,0
14161,2012,2009,200000000,791217826,158,7.3307,5.863,12395,"[28, 12, 878]",4,106,16,1,0,0,0,0,1,0,0,0,0,0,1,0,0,0,0,0,0
351286,Jurassic World: Fallen Kingdom,2018,170000000,1310469037,129,10.0283,6.5,12391,"[28, 12, 878, 53]",2,41,7,1,0,0,0,0,1,0,0,0,1,0,1,0,0,0,0,0,0
745,The Sixth Sense,1999,40000000,672800000,107,8.1631,7.947,12379,"[9648, 53, 18]",4,50,26,0,0,0,1,0,0,0,0,0,1,0,0,1,0,0,0,0,0
490132,Green Book,2018,23000000,321752656,130,7.5406,8.224,12370,"[18, 35, 36]",4,65,7,0,0,0,1,0,0,1,1,0,0,0,0,0,0,0,0,0,0
82693,Silver Linings Playbook,2012,21000000,236412453,122,3.8895,7.1,12347,"[18, 35, 10749]",1,63,13,0,0,0,1,0,0,1,0,0,0,0,0,0,0,1,0,0,0
138843,The Conjuring,2013,13000000,321293998,112,15.1818,7.5,12334,"[27, 53]",3,31,12,0,0,0,0,1,0,0,0,0,1,0,0,0,0,0,0,0,0
1724,The Incredible Hulk,2008,150000000,264770996,114,7.7199,6.225,12330,"[878, 28, 12]",3,107,17,1,0,0,0,0,1,0,0,0,0,0,1,0,0,0,0,0,0
2048,"I, Robot",2004,120000000,347234916,115,6.7162,6.957,12300,"[28, 878]",6,34,21,0,0,0,0,0,1,0,0,0,0,0,1,0,0,0,0,0,0
9502,Kung Fu Panda,2008,130000000,632091832,90,15.643,7.308,12196,"[16, 10751, 35, 28, 12]",1,26,17,1,0,1,0,0,1,1,0,0,0,0,0,0,0,0,1,0,0
216015,Fifty Shades of Grey,2015,40000000,569651467,125,13.8648,5.879,12163,"[18, 10749, 53]",4,31,10,0,0,0,1,0,0,0,0,0,1,0,0,0,0,1,0,0,0
73,American History X,1998,20000000,23900000,119,7.0382,8.332,12164,[18],3,50,27,0,0,0,1,0,0,0,0,0,0,0,0,0,0,0,0,0,0
11036,The Notebook,2004,29000000,115600000,123,10.5022,7.892,12161,"[10749, 18]",3,72,21,0,0,0,1,0,0,0,0,0,0,0,0,0,0,1,0,0,0
62,2001: A Space Odyssey,1968,12000000,71923560,149,9.9006,8.1,12152,"[878, 9648, 12]",2,62,57,1,0,0,0,0,0,0,0,0,0,0,1,1,0,0,0,0,0
161,Ocean's Eleven,2001,85000000,450717150,116,8.3477,7.5,12149,"[53, 80]",5,78,24,0,0,0,0,0,0,0,0,0,1,1,0,0,0,0,0,0,0
372058,Your Name.,2016,0,358000000,106,19.9111,8.479,12099,"[16, 10749, 18]",7,54,9,0,0,1,1,0,0,0,0,0,0,0,0,0,0,1,0,0,0
23483,Kick-Ass,2010,28000000,96188903,118,6.0926,7.1,12060,"[28, 80]",4,57,15,0,0,0,0,0,1,0,0,0,0,1,0,0,0,0,0,0,0
207,Dead Poets Society,1989,16400000,235860116,129,9.1171,8.3,12036,[18],4,51,36,0,0,0,1,0,0,0,0,0,0,0,0,0,0,0,0,0,0
194,Amélie,2001,10000000,173921954,122,6.3778,7.9,12018,"[35, 10749]",5,74,24,0,0,0,0,0,0,1,0,0,0,0,0,0,0,1,0,0,0
38757,Tangled,2010,260000000,592461732,100,12.7074,7.61,12009,"[16, 10751, 12]",2,36,15,1,0,1,0,0,0,0,0,0,0,0,0,0,0,0,1,0,0
332562,A Star Is Born,2018,36000000,436388866,136,5.9638,7.5,11994,"[10402, 18, 10749]",6,62,7,0,0,0,1,0,0,0,0,0,0,0,0,0,1,1,0,0,0
771,Home Alone,1990,18000000,476684675,103,1.5685,7.449,11976,"[35, 10751]",2,67,35,0,0,0,0,0,0,1,0,0,0,0,0,0,0,0,1,0,0
8358,Cast Away,2000,90000000,429632142,143,6.219,7.66,11908,"[12, 18]",4,37,25,1,0,0,1,0,0,0,0,0,0,0,0,0,0,0,0,0,0
119450,Dawn of the Planet of the Apes,2014,170000000,710644566,130,8.7416,7.334,11902,"[878, 28, 18, 53]",4,52,11,0,0,0,1,0,1,0,0,0,1,0,1,0,0,0,0,0,0
36657,X-Men,2000,75000000,296339527,104,0.3803,7.007,11850,"[12, 28, 878]",4,81,25,1,0,0,0,0,1,0,0,0,0,0,1,0,0,0,0,0,0
1858,Transformers,2007,150000000,709709780,144,2.7326,6.8,11843,"[12, 878, 28]",4,89,18,1,0,0,0,0,1,0,0,0,0,0,1,0,0,0,0,0,0
49530,In Time,2011,40000000,173900000,109,7.374,6.971,11842,"[28, 53, 878]",2,77,14,0,0,0,0,0,1,0,0,0,1,0,1,0,0,0,0,0,0
562,Die Hard,1988,28000000,140767956,132,9.4208,7.802,11778,"[28, 53]",3,65,37,0,0,0,0,0,1,0,0,0,1,0,0,0,0,0,0,0,0
115,The Big Lebowski,1998,15000000,47010480,117,7.4114,7.84,11772,"[35, 80]",2,43,27,0,0,0,0,0,0,1,0,0,0,1,0,0,0,0,0,0,0
8681,Taken,2008,25000000,226830568,94,12.8162,7.398,11733,"[28, 53]",3,36,17,0,0,0,0,0,1,0,0,0,1,0,0,0,0,0,0,0,0
1359,American Psycho,2000,7000000,34300000,102,8.876,7.408,11733,"[53, 18, 80]",4,46,25,0,0,0,1,0,0,0,0,0,1,1,0,0,0,0,0,0,0
93456,Despicable Me 2,2013,76000000,970766005,98,8.9457,6.937,11712,"[16, 35, 10751]",2,43,12,0,0,1,0,0,0,1,0,0,0,0,0,0,0,0,1,0,0
812,Aladdin,1992,28000000,504050219,92,7.9034,7.654,11684,"[16, 10751, 12, 14, 10749]",1,24,33,1,1,1,0,0,0,0,0,0,0,0,0,0,0,1,1,0,0
76203,12 Years a Slave,2013,20000000,187000000,134,6.2021,7.938,11676,"[18, 36]",5,86,12,0,0,0,1,0,0,0,1,0,0,0,0,0,0,0,0,0,0
601,E.T. the Extra-Terrestrial,1982,10500000,797307407,115,12.341,7.512,11644,"[878, 12, 10751, 14]",2,37,43,1,1,0,0,0,0,0,0,0,0,0,1,0,0,0,1,0,0
604,The Matrix Reloaded,2003,150000000,738599701,138,6.5836,7.066,11543,"[12, 28, 53, 878]",3,82,22,1,0,0,0,0,1,0,0,0,1,0,1,0,0,0,0,0,0
222935,The Fault in Our Stars,2014,14000000,307166834,126,6.0674,7.595,11397,"[10749, 18]",3,40,11,0,0,0,1,0,0,0,0,0,0,0,0,0,0,1,0,0,0
414906,The Batman,2022,185000000,772319315,177,13.2243,7.658,11370,"[80, 9648, 53]",4,87,3,0,0,0,0,0,0,0,0,0,1,1,0,1,0,0,0,0,0
953,Madagascar,2005,75000000,542064525,86,14.8412,6.915,11360,"[10751, 16, 12, 35]",2,20,20,1,0,1,0,0,0,1,0,0,0,0,0,0,0,0,1,0,0
242582,Nightcrawler,2014,8500000,47425835,118,9.3935,7.706,11330,"[80, 18, 53]",2,43,11,0,0,0,1,0,0,0,0,0,1,1,0,0,0,0,0,0,0
458156,John Wick: Chapter 3 - Parabellum,2019,55000000,326709727,131,7.6093,7.444,11312,"[28, 53, 80]",3,36,6,0,0,0,0,0,1,0,0,0,1,1,0,0,0,0,0,0,0
18,The Fifth Element,1997,90000000,263920180,126,7.6436,7.561,11288,"[878, 28, 12]",1,120,28,1,0,0,0,0,1,0,0,0,0,0,1,0,0,0,0,0,0
36557,Casino Royale,2006,150000000,599045960,144,7.5883,7.566,11261,"[12, 28, 53]",4,76,19,1,0,0,0,0,1,0,0,0,1,0,0,0,0,0,0,0,0
338952,Fantastic Beasts: The Crimes of Grindelwald,2018,200000000,654900000,134,3.9767,6.8,11230,"[14, 12]",2,81,7,1,1,0,0,0,0,0,0,0,0,0,0,0,0,0,0,0,0
13223,Gran Torino,2008,33000000,270000000,116,4.1473,7.989,11199,[18],7,52,17,0,0,0,1,0,0,0,0,0,0,0,0,0,0,0,0,0,0
75612,Oblivion,2013,120000000,286168572,124,4.748,6.7,11157,"[28, 878, 12, 9648]",6,10,12,1,0,0,0,0,1,0,0,0,0,0,1,1,0,0,0,0,0
310,Bruce Almighty,2003,80000000,484592874,101,6.0947,6.722,11155,"[14, 35]",4,115,22,0,1,0,0,0,0,1,0,0,0,0,0,0,0,0,0,0,0
291805,Now You See Me 2,2016,120000000,334897606,129,26.2,6.825,11155,"[53, 80]",4,38,9,0,0,0,0,0,0,0,0,0,1,1,0,0,0,0,0,0,0
411,"The Chronicles of Narnia: The Lion, the Witch and the Wardrobe",2005,180000000,745013115,143,17.7512,7.135,11152,"[12, 10751, 14]",3,60,20,1,1,0,0,0,0,0,0,0,0,0,0,0,0,0,1,0,0
1949,Zodiac,2007,65000000,84785914,157,6.2325,7.526,11148,"[80, 9648, 53]",3,101,18,0,0,0,0,0,0,0,0,0,1,1,0,1,0,0,0,0,0
196,Back to the Future Part III,1990,40000000,244527583,119,6.8813,7.49,11147,"[12, 35, 878]",2,48,35,1,0,0,0,0,0,1,0,0,0,0,1,0,0,0,0,0,0
578,Jaws,1975,7000000,470653000,124,9.3551,7.68,11129,"[27, 53, 12]",2,41,50,1,0,0,0,1,0,0,0,0,1,0,0,0,0,0,0,0,0
51876,Limitless,2011,27000000,161900000,106,6.0036,7.191,11104,"[53, 9648, 878]",6,47,14,0,0,0,0,0,0,0,0,0,1,0,1,1,0,0,0,0,0
1417,Pan's Labyrinth,2006,19000000,83258226,118,19.8767,7.757,11104,"[14, 18, 10752]",4,31,19,0,1,0,1,0,0,0,0,0,0,0,0,0,0,0,0,1,0
600,Full Metal Jacket,1987,30000000,46357676,117,7.5709,8.124,11075,"[18, 10752]",3,109,38,0,0,0,1,0,0,0,0,0,0,0,0,0,0,0,0,1,0
510,One Flew Over the Cuckoo's Nest,1975,3000000,108981275,133,12.5964,8.413,11039,[18],2,35,50,0,0,0,1,0,0,0,0,0,0,0,0,0,0,0,0,0,0
62211,Monsters University,2013,200000000,743559465,104,7.0609,7.044,11032,"[16, 10751]",1,108,12,0,0,1,0,0,0,0,0,0,0,0,0,0,0,0,1,0,0
508442,Soul,2020,150000000,121977511,101,9.1639,8.103,11022,"[16, 10751, 35, 14, 18]",1,30,5,0,1,1,1,0,0,1,0,0,0,0,0,0,0,0,1,0,0
168259,Furious 7,2015,190000000,1515400000,139,8.8912,7.223,11018,"[28, 80, 53]",3,49,10,0,0,0,0,0,1,0,0,0,1,1,0,0,0,0,0,0,0
12405,Slumdog Millionaire,2008,15000000,378400000,121,4.6939,7.7,10993,"[18, 10749]",2,89,17,0,0,0,1,0,0,0,0,0,0,0,0,0,0,1,0,0,0
8844,Jumanji,1995,65000000,262821940,104,2.3866,7.242,10967,"[12, 14, 10751]",4,30,30,1,1,0,0,0,0,0,0,0,0,0,0,0,0,0,1,0,0
629,The Usual Suspects,1995,6000000,23300000,106,7.8931,8.173,10965,"[18, 80, 53]",2,34,30,0,0,0,1,0,0,0,0,0,1,1,0,0,0,0,0,0,0
872585,Oppenheimer,2023,100000000,952000000,181,17.5003,8.0,10955,"[18, 36]",5,80,2,0,0,0,1,0,0,0,1,0,0,0,0,0,0,0,0,0,0
45243,The Hangover Part II,2011,80000000,586764305,102,10.1205,6.497,10944,[35],3,48,14,0,0,0,0,0,0,1,0,0,0,0,0,0,0,0,0,0,0
2080,X-Men Origins: Wolverine,2009,150000000,373062864,107,0.6617,6.279,10941,"[12, 28, 878]",5,63,16,1,0,0,0,0,1,0,0,0,0,0,1,0,0,0,0,0,0
82992,Fast & Furious 6,2013,160000000,788700000,130,0.9879,6.818,10928,"[28, 53, 80]",3,85,12,0,0,0,0,0,1,0,0,0,1,1,0,0,0,0,0,0,0
206647,Spectre,2015,245000000,880707597,148,6.5776,6.6,10917,"[28, 12, 53]",4,83,10,1,0,0,0,0,1,0,0,0,1,0,0,0,0,0,0,0,0
84892,The Perks of Being a Wallflower,2012,13000000,33384127,103,6.3363,7.8,10887,[18],1,40,13,0,0,0,1,0,0,0,0,0,0,0,0,0,0,0,0,0,0
266856,The Theory of Everything,2014,15000000,123726688,123,4.9451,7.839,10880,"[18, 10749]",2,48,11,0,0,0,1,0,0,0,0,0,0,0,0,0,0,1,0,0,0
211672,Minions,2015,74000000,1159457503,91,3.5458,6.416,10879,"[10751, 16, 12, 35]",2,46,10,1,0,1,0,0,0,1,0,0,0,0,0,0,0,0,1,0,0
787,Mr. & Mrs. Smith,2005,110000000,487287646,120,9.1497,6.686,10879,"[28, 35, 18, 53]",5,101,20,0,0,0,1,0,1,1,0,0,1,0,0,0,0,0,0,0,0
580489,Venom: Let There Be Carnage,2021,110000000,506863592,97,10.6714,6.8,10869,"[878, 28, 12]",4,54,4,1,0,0,0,0,1,0,0,0,0,0,1,0,0,0,0,0,0
293167,Kong: Skull Island,2017,185000000,566652812,118,6.6448,6.548,10862,"[28, 12, 14]",2,40,8,1,1,0,0,0,1,0,0,0,0,0,0,0,0,0,0,0,0
497698,Black Widow,2021,200000000,379751131,134,8.128,7.188,10849,"[28, 12, 878]",1,80,4,1,0,0,0,0,1,0,0,0,0,0,1,0,0,0,0,0,0
854,The Mask,1994,23000000,351583407,101,15.7882,6.973,10834,"[10749, 35, 80, 14]",2,44,31,0,1,0,0,0,0,1,0,0,0,1,0,0,0,1,0,0,0
343668,Kingsman: The Golden Circle,2017,104000000,410902662,141,6.6358,6.952,10828,"[28, 12, 35, 80]",4,57,8,1,0,0,0,0,1,1,0,0,0,1,0,0,0,0,0,0,0
294254,Maze Runner: The Scorch Trials,2015,61000000,312296056,131,7.1841,6.733,10767,"[878, 28, 53, 12]",4,56,10,1,0,0,0,0,1,0,0,0,1,0,1,0,0,0,0,0,0
453,A Beautiful Mind,2001,58000000,316791257,135,7.033,7.854,10707,"[18, 10749]",3,100,24,0,0,0,1,0,0,0,0,0,0,0,0,0,0,1,0,0,0
652,Troy,2004,175000000,497409852,163,13.0705,7.165,10699,"[10752, 28, 36]",4,37,21,0,0,0,0,0,1,0,1,0,0,0,0,0,0,0,0,1,0
197,Braveheart,1995,72000000,213216216,178,8.8809,7.9,10698,"[28, 18, 36, 10752]",2,60,30,0,0,0,1,0,1,0,1,0,0,0,0,0,0,0,0,1,0
89,Indiana Jones and the Last Crusade,1989,48000000,474171806,127,6.7941,7.848,10698,"[12, 28]",2,68,36,1,0,0,0,0,1,0,0,0,0,0,0,0,0,0,0,0,0
41154,Men in Black 3,2012,225000000,654213485,106,7.2897,6.536,10696,"[28, 35, 878]",5,79,13,0,0,0,0,0,1,1,0,0,0,0,1,0,0,0,0,0,0
64688,21 Jump Street,2012,42000000,201585328,109,5.8489,6.883,10679,"[28, 35, 80]",6,59,13,0,0,0,0,0,1,1,0,0,0,1,0,0,0,0,0,0,0
19913,(500) Days of Summer,2009,7500000,60781545,95,7.7518,7.297,10677,"[35, 18, 10749]",3,64,16,0,0,0,1,0,0,1,0,0,0,0,0,0,0,1,0,0,0
58574,Sherlock Holmes: A Game of Shadows,2011,125000000,334615000,129,3.6838,7.1,10675,"[12, 28, 80, 9648]",4,50,14,1,0,0,0,0,1,0,0,0,0,1,0,1,0,0,0,0,0
1593,Night at the Museum,2006,110000000,574480841,108,8.711,6.594,10639,"[28, 12, 35, 10751, 14]",5,45,19,1,1,0,0,0,1,1,0,0,0,0,0,0,0,0,1,0,0
539,Psycho,1960,806947,50048065,109,8.2074,8.421,10621,"[27, 53, 9648]",1,34,65,0,0,0,0,1,0,0,0,0,1,0,0,1,0,0,0,0,0
4935,Howl's Moving Castle,2004,24000000,236049757,119,11.014,8.4,10615,"[14, 16, 12]",7,57,21,1,1,1,0,0,0,0,0,0,0,0,0,0,0,0,0,0,0
577922,Tenet,2020,205000000,365304105,150,10.6719,7.176,10599,"[28, 53, 878]",2,61,5,0,0,0,0,0,1,0,0,0,1,0,1,0,0,0,0,0,0
337339,The Fate of the Furious,2017,250000000,1236000000,136,8.3612,6.862,10600,"[28, 80, 53]",3,87,8,0,0,0,0,0,1,0,0,0,1,1,0,0,0,0,0,0,0
36658,X2,2003,110000000,407711549,133,0.2771,7.0,10594,"[12, 28, 878]",4,73,22,1,0,0,0,0,1,0,0,0,0,0,1,0,0,0,0,0,0
495764,Birds of Prey (and the Fantabulous Emancipation of One Harley Quinn),2020,75000000,205537933,109,6.4228,6.9,10581,"[28, 80]",5,98,5,0,0,0,0,0,1,0,0,0,0,1,0,0,0,0,0,0,0
641,Requiem for a Dream,2000,4500000,7390108,102,3.6123,8.013,10580,"[80, 18]",5,74,25,0,0,0,1,0,0,0,0,0,0,1,0,0,0,0,0,0,0
59967,Looper,2012,30000000,47042000,118,3.7288,6.898,10568,"[28, 53, 878]",3,42,13,0,0,0,0,0,1,0,0,0,1,0,1,0,0,0,0,0,0
359940,"Three Billboards Outside Ebbing, Missouri",2017,15000000,162729321,115,3.7345,8.061,10557,"[80, 18]",4,31,8,0,0,0,1,0,0,0,0,0,0,1,0,0,0,0,0,0,0
420818,The Lion King,2019,260000000,1662020819,118,8.4897,7.103,10554,"[12, 18, 10751, 16]",2,20,6,1,0,1,1,0,0,0,0,0,0,0,0,0,0,0,1,0,0
9799,The Fast and the Furious,2001,38000000,207283925,106,0.8304,6.996,10486,"[28, 80, 53]",4,31,24,0,0,0,0,0,1,0,0,0,1,1,0,0,0,0,0,0,0
791373,Zack Snyder's Justice League,2021,70000000,0,242,8.3922,8.102,10480,"[28, 12, 14]",6,123,4,1,1,0,0,0,1,0,0,0,0,0,0,0,0,0,0,0,0
346698,Barbie,2023,145000000,1447138421,114,14.84,6.946,10459,"[35, 12]",5,169,2,1,0,0,0,0,0,1,0,0,0,0,0,0,0,0,0,0,0
56292,Mission: Impossible - Ghost Protocol,2011,145000000,694713380,133,7.4369,7.106,10450,"[28, 53, 12]",4,59,14,1,0,0,0,0,1,0,0,0,1,0,0,0,0,0,0,0,0
181812,Star Wars: The Rise of Skywalker,2019,489900000,1074144248,142,12.5922,6.279,10447,"[12, 28, 878]",2,111,6,1,0,0,0,0,1,0,0,0,0,0,1,0,0,0,0,0,0
679,Aliens,1986,18500000,183316455,137,8.9812,7.954,10428,"[28, 53, 878]",3,27,39,0,0,0,0,0,1,0,0,0,1,0,1,0,0,0,0,0,0
605,The Matrix Revolutions,2003,150000000,424988211,129,5.7206,6.7,10426,"[12, 28, 53, 878]",3,48,22,1,0,0,0,0,1,0,0,0,1,0,1,0,0,0,0,0,0
420817,Aladdin,2019,183000000,1097831681,127,7.58,7.093,10398,"[12, 14, 10749, 10751]",2,42,6,1,1,0,0,0,0,0,0,0,0,0,0,0,0,1,1,0,0
10020,Beauty and the Beast,1991,25000000,424967620,84,10.6373,7.729,10378,"[10749, 10751, 16, 14]",2,50,34,0,1,1,0,0,0,0,0,0,0,0,0,0,0,1,1,0,0
399566,Godzilla vs. Kong,2021,200000000,470116094,114,6.6028,7.558,10373,"[28, 878, 12]",1,48,4,1,0,0,0,0,1,0,0,0,0,0,1,0,0,0,0,0,0
361743,Top Gun: Maverick,2022,170000000,1488732821,131,15.4904,8.165,10335,"[28, 18]",3,47,3,0,0,0,1,0,1,0,0,0,0,0,0,0,0,0,0,0,0
608,Men in Black II,2002,140000000,445135288,88,6.8936,6.381,10333,"[28, 35, 878]",3,89,23,0,0,0,0,0,1,1,0,0,0,0,1,0,0,0,0,0,0
405774,Bird Box,2018,19800000,0,124,5.781,6.826,10302,"[27, 53, 18]",2,31,7,0,0,0,1,1,0,0,0,0,1,0,0,0,0,0,0,0,0
1402,The Pursuit of Happyness,2006,55000000,307077295,117,7.2197,7.89,10288,[18],4,78,19,0,0,0,1,0,0,0,0,0,0,0,0,0,0,0,0,0,0
392044,Murder on the Orient Express,2017,55000000,352800000,114,4.8117,6.705,10286,"[9648, 18, 80]",4,53,8,0,0,0,1,0,0,0,0,0,0,1,0,1,0,0,0,0,0
283366,Miss Peregrine's Home for Peculiar Children,2016,110000000,296482446,127,5.5647,6.837,10283,"[14, 12, 18, 10751]",4,56,9,1,1,0,1,0,0,0,0,0,0,0,0,0,0,0,1,0,0
262500,Insurgent,2015,110000000,297002527,119,5.7923,6.364,10237,"[28, 878, 53]",3,47,10,0,0,0,0,0,1,0,0,0,1,0,1,0,0,0,0,0,0
301528,Toy Story 4,2019,175000000,1073841394,100,10.5544,7.469,10222,"[10751, 35, 16, 12]",1,42,6,1,0,1,0,0,0,1,0,0,0,0,0,0,0,0,1,0,0
13475,Star Trek,2009,150000000,386839614,127,6.0628,7.427,10206,"[878, 28, 12]",3,178,16,1,0,0,0,0,1,0,0,0,0,0,1,0,0,0,0,0,0
772,Home Alone 2: Lost in New York,1992,18000000,358994850,120,18.3792,6.768,10189,"[35, 10751, 12]",2,77,33,1,0,0,0,0,0,1,0,0,0,0,0,0,0,0,1,0,0
381284,Hidden Figures,2016,25000000,235957472,127,6.5605,8.05,10162,"[18, 36]",3,61,9,0,0,0,1,0,0,0,1,0,0,0,0,0,0,0,0,0,0
10674,Mulan,1998,90000000,304320254,88,12.0084,7.903,10161,"[16, 10751, 12]",1,53,27,1,0,1,0,0,0,0,0,0,0,0,0,0,0,0,1,0,0
454626,Sonic the Hedgehog,2020,85000000,319715683,99,9.5062,7.297,10137,"[28, 878, 35, 10751]",6,37,5,0,0,0,0,0,1,1,0,0,0,0,1,0,0,0,1,0,0
82702,How to Train Your Dragon 2,2014,145000000,621537519,102,9.8985,7.676,10111,"[14, 28, 12, 16, 35, 10751]",1,17,11,1,1,1,0,0,1,1,0,0,0,0,0,0,0,0,1,0,0
950,Ice Age: The Meltdown,2006,80000000,660998756,91,7.7183,6.716,10100,"[16, 10751, 35, 12]",3,70,19,1,0,1,0,0,0,1,0,0,0,0,0,0,0,0,1,0,0
36668,X-Men: The Last Stand,2006,210000000,459359555,104,0.3257,6.413,10092,"[12, 28, 878, 53]",3,61,19,1,0,0,0,0,1,0,0,0,1,0,1,0,0,0,0,0,0
627,Trainspotting,1996,4000000,71981823,94,4.3597,7.961,10088,"[18, 80]",4,26,29,0,0,0,1,0,0,0,0,0,0,1,0,0,0,0,0,0,0
110415,Snowpiercer,2013,39200000,86758912,127,7.7235,6.908,10074,"[28, 878, 18]",4,44,12,0,0,0,1,0,1,0,0,0,0,0,1,0,0,0,0,0,0
502356,The Super Mario Bros. Movie,2023,100000000,1362000000,93,26.5219,7.603,10065,"[10751, 35, 12, 16, 14]",3,38,2,1,1,1,0,0,0,1,0,0,0,0,0,0,0,0,1,0,0
330457,Frozen II,2019,150000000,1453683476,103,8.586,7.242,10061,"[10751, 16, 12, 35, 14]",1,64,6,1,1,1,0,0,0,1,0,0,0,0,0,0,0,0,1,0,0
515001,Jojo Rabbit,2019,14000000,82468705,108,5.6412,7.995,10055,"[35, 10752, 18]",3,31,6,0,0,0,1,0,0,1,0,0,0,0,0,0,0,0,0,1,0
70,Million Dollar Baby,2004,30000000,216763646,132,5.4513,8.0,10051,[18],5,62,21,0,0,0,1,0,0,0,0,0,0,0,0,0,0,0,0,0,0
602,Independence Day,1996,75000000,817400891,145,6.5668,6.897,10051,"[28, 12, 878]",2,118,29,1,0,0,0,0,1,0,0,0,0,0,1,0,0,0,0,0,0
566525,Shang-Chi and the Legend of the Ten Rings,2021,150000000,432243292,132,8.9443,7.5,10031,"[28, 12, 14]",1,47,4,1,1,0,0,0,1,0,0,0,0,0,0,0,0,0,0,0,0
9479,The Nightmare Before Christmas,1993,18000000,75634409,76,13.9297,7.8,10004,"[14, 16, 10751]",2,36,32,0,1,1,0,0,0,0,0,0,0,0,0,0,0,0,1,0,0
76170,The Wolverine,2013,120000000,415440673,126,1.1485,6.429,9998,"[28, 878, 12]",3,59,12,1,0,0,0,0,1,0,0,0,0,0,1,0,0,0,0,0,0
17654,District 9,2009,30000000,210888950,112,8.5516,7.456,9980,[878],4,96,16,0,0,0,0,0,0,0,0,0,0,0,1,0,0,0,0,0,0
8960,Hancock,2008,150000000,629400000,92,8.2575,6.35,9958,"[14, 28]",5,71,17,0,1,0,0,0,1,0,0,0,0,0,0,0,0,0,0,0,0
287947,Shazam!,2019,80000000,367799011,132,6.3409,7.0,9941,"[28, 35, 14]",4,94,6,0,1,0,0,0,1,1,0,0,0,0,0,0,0,0,0,0,0
568124,Encanto,2021,150000000,261292688,102,10.9315,7.58,9925,"[16, 35, 10751, 14]",1,25,4,0,1,1,0,0,0,1,0,0,0,0,0,0,0,0,1,0,0
3933,Corpse Bride,2005,40000000,118133252,77,13.6283,7.583,9879,"[10749, 14, 16]",5,16,20,0,1,1,0,0,0,0,0,0,0,0,0,0,0,1,0,0,0
5915,Into the Wild,2007,15000000,56255142,148,4.6417,7.799,9873,"[12, 18]",4,45,18,1,0,0,1,0,0,0,0,0,0,0,0,0,0,0,0,0,0
453395,Doctor Strange in the Multiverse of Madness,2022,290000000,955775804,126,11.5849,7.24,9872,"[14, 28, 12]",2,60,3,1,1,0,0,0,1,0,0,0,0,0,0,0,0,0,0,0,0
316029,The Greatest Showman,2017,84000000,459066134,105,6.4785,7.869,9787,[18],3,82,8,0,0,0,1,0,0,0,0,0,0,0,0,0,0,0,0,0,0
337404,Cruella,2021,200000000,233503234,134,8.2607,7.983,9784,"[35, 80, 12]",3,68,4,1,0,0,0,0,0,1,0,0,0,1,0,0,0,0,0,0,0
87,Indiana Jones and the Temple of Doom,1984,28000000,333000000,118,6.6914,7.302,9781,"[12, 28]",2,81,41,1,0,0,0,0,1,0,0,0,0,0,0,0,0,0,0,0,0
591,The Da Vinci Code,2006,125000000,760006945,149,11.2732,6.727,9774,"[53, 9648]",2,59,19,0,0,0,0,0,0,0,0,0,1,0,0,1,0,0,0,0,0
423,The Pianist,2002,35000000,120098945,150,5.4416,8.379,9765,"[18, 10752]",7,79,23,0,0,0,1,0,0,0,0,0,0,0,0,0,0,0,0,1,0
9738,Fantastic Four,2005,100000000,333535934,106,6.2518,5.802,9748,"[28, 14, 878]",6,103,20,0,1,0,0,0,1,0,0,0,0,0,1,0,0,0,0,0,0
2501,The Bourne Identity,2002,60000000,214034224,119,6.8502,7.469,9733,"[28, 18, 9648, 53]",5,51,23,0,0,0,1,0,1,0,0,0,1,0,0,1,0,0,0,0,0
176,Saw,2004,1200000,104045735,103,7.3723,7.418,9733,"[27, 9648, 80]",3,18,21,0,0,0,0,1,0,0,0,0,0,1,0,1,0,0,0,0,0
399579,Alita: Battle Angel,2019,170000000,405000000,122,7.2401,7.244,9669,"[28, 878, 12]",4,48,6,1,0,0,0,0,1,0,0,0,0,0,1,0,0,0,0,0,0
9741,Unbreakable,2000,75000000,248118121,106,5.0959,7.1,9658,"[53, 18, 9648]",3,42,25,0,0,0,1,0,0,0,0,0,1,0,0,1,0,0,0,0,0
13183,Watchmen,2009,130000000,185258983,163,6.27,7.346,9648,"[9648, 28, 878]",6,131,16,0,0,0,0,0,1,0,0,0,0,0,1,1,0,0,0,0,0
954,Mission: Impossible,1996,80000000,457696391,111,7.3734,7.0,9641,"[12, 28, 53]",2,54,29,1,0,0,0,0,1,0,0,0,1,0,0,0,0,0,0,0,0
564,The Mummy,1999,80000000,415885488,124,12.599,6.95,9587,"[12, 28, 14]",1,25,26,1,1,0,0,0,1,0,0,0,0,0,0,0,0,0,0,0,0
107,Snatch,2000,100000000,83557872,103,8.8738,7.817,9583,"[80, 35]",2,67,25,0,0,0,0,0,0,1,0,0,0,1,0,0,0,0,0,0,0
156022,The Equalizer,2014,55000000,192330738,132,10.8448,7.3,9573,"[53, 28, 80]",6,45,11,0,0,0,0,0,1,0,0,0,1,1,0,0,0,0,0,0,0
18239,The Twilight Saga: New Moon,2009,50000000,709827462,131,6.7435,5.994,9540,"[12, 14, 18, 10749]",5,47,16,1,1,0,1,0,0,0,0,0,0,0,0,0,0,1,0,0,0
389,12 Angry Men,1957,397751,4360000,97,9.2205,8.549,9525,[18],1,17,68,0,0,0,1,0,0,0,0,0,0,0,0,0,0,0,0,0,0
9487,A Bug's Life,1998,80000000,363258859,95,9.4434,7.0,9511,"[10751, 16, 12, 35]",1,59,27,1,0,1,0,0,0,1,0,0,0,0,0,0,0,0,1,0,0
124905,Godzilla,2014,160000000,524978362,123,5.3385,6.351,9498,"[28, 18, 878]",1,95,11,0,0,0,1,0,1,0,0,0,0,0,1,0,0,0,0,0,0
318846,The Big Short,2015,28000000,133346506,131,6.6151,7.359,9483,"[35, 18]",3,94,10,0,0,0,1,0,0,1,0,0,0,0,0,0,0,0,0,0,0
264644,Room,2015,13000000,35401758,118,3.3588,7.998,9479,"[18, 53]",6,27,10,0,0,0,1,0,0,0,0,0,1,0,0,0,0,0,0,0,0
810,Shrek the Third,2007,160000000,813367380,93,13.7442,6.298,9468,"[14, 12, 16, 35, 10751]",2,42,18,1,1,1,0,0,0,1,0,0,0,0,0,0,0,0,1,0,0
281338,War for the Planet of the Apes,2017,150000000,490719763,140,5.7498,7.211,9439,"[18, 878, 10752]",3,41,8,0,0,0,1,0,0,0,0,0,0,0,1,0,0,0,0,1,0
620,Ghostbusters,1984,30000000,296640120,107,6.7054,7.495,9422,"[35, 14]",3,73,41,0,1,0,0,0,0,1,0,0,0,0,0,0,0,0,0,0,0
54138,Star Trek Into Darkness,2013,190000000,467381584,132,5.077,7.32,9392,"[28, 12, 878]",3,97,12,1,0,0,0,0,1,0,0,0,0,0,1,0,0,0,0,0,0
177677,Mission: Impossible - Rogue Nation,2015,150000000,682716636,131,7.3843,7.2,9385,"[28, 12]",4,79,10,1,0,0,0,0,1,0,0,0,0,0,0,0,0,0,0,0,0
550988,Free Guy,2021,110000000,331526598,115,11.5858,7.463,9379,"[35, 12, 878]",5,70,4,1,0,0,0,0,0,1,0,0,0,0,1,0,0,0,0,0,0
670,Oldboy,2003,3000000,17500000,120,10.2568,8.2,9352,"[18, 53, 9648, 28]",3,54,22,0,0,0,1,0,1,0,0,0,1,0,0,1,0,0,0,0,0
664413,365 Days,2020,0,9458590,116,4.2945,7.009,9340,"[10749, 18]",4,63,5,0,0,0,1,0,0,0,0,0,0,0,0,0,0,1,0,0,0
68724,Elysium,2013,115000000,286140700,109,4.4477,6.5,9264,"[878, 28, 18, 53]",6,30,12,0,0,0,1,0,1,0,0,0,1,0,1,0,0,0,0,0,0
429,"The Good, the Bad and the Ugly",1966,1200000,38900000,161,10.4148,8.5,9255,[37],4,48,59,0,0,0,0,0,0,0,0,1,0,0,0,0,0,0,0,0,0
180,Minority Report,2002,102000000,358372926,145,5.8726,7.3,9253,"[878, 28, 53]",7,108,23,0,0,0,0,0,1,0,0,0,1,0,1,0,0,0,0,0,0
474350,It Chapter Two,2019,79000000,473123154,169,28.9248,6.838,9237,"[27, 53]",4,87,6,0,0,0,0,1,0,0,0,0,1,0,0,0,0,0,0,0,0
